-- MySQL dump 10.13  Distrib 5.5.20, for osx10.6 (i386)
--
-- Host: localhost    Database: facechart
-- ------------------------------------------------------
-- Server version	5.5.20

/*!40101 SET @OLD_CHARACTER_SET_CLIENT=@@CHARACTER_SET_CLIENT */;
/*!40101 SET @OLD_CHARACTER_SET_RESULTS=@@CHARACTER_SET_RESULTS */;
/*!40101 SET @OLD_COLLATION_CONNECTION=@@COLLATION_CONNECTION */;
/*!40101 SET NAMES utf8 */;
/*!40103 SET @OLD_TIME_ZONE=@@TIME_ZONE */;
/*!40103 SET TIME_ZONE='+00:00' */;
/*!40014 SET @OLD_UNIQUE_CHECKS=@@UNIQUE_CHECKS, UNIQUE_CHECKS=0 */;
/*!40014 SET @OLD_FOREIGN_KEY_CHECKS=@@FOREIGN_KEY_CHECKS, FOREIGN_KEY_CHECKS=0 */;
/*!40101 SET @OLD_SQL_MODE=@@SQL_MODE, SQL_MODE='NO_AUTO_VALUE_ON_ZERO' */;
/*!40111 SET @OLD_SQL_NOTES=@@SQL_NOTES, SQL_NOTES=0 */;

--
-- Table structure for table `Tag`
--

DROP TABLE IF EXISTS `Tag`;
/*!40101 SET @saved_cs_client     = @@character_set_client */;
/*!40101 SET character_set_client = utf8 */;
CREATE TABLE `Tag` (
  `tag_idx` int(11) NOT NULL AUTO_INCREMENT,
  `tag_name` varchar(255) DEFAULT NULL,
  PRIMARY KEY (`tag_idx`)
) ENGINE=MyISAM AUTO_INCREMENT=30 DEFAULT CHARSET=utf8;
/*!40101 SET character_set_client = @saved_cs_client */;

--
-- Dumping data for table `Tag`
--

LOCK TABLES `Tag` WRITE;
/*!40000 ALTER TABLE `Tag` DISABLE KEYS */;
INSERT INTO `Tag` VALUES (1,'서울'),(2,'경영학과'),(3,'남자'),(4,'20대'),(5,'관악구'),(6,'학생'),(7,'경영학과'),(8,'대통령'),(9,'정치인'),(10,'헐리우드'),(11,'배우'),(12,'학교'),(13,'서강대'),(14,'여자'),(15,'가수'),(16,'대한민국'),(17,'아이돌'),(18,'직장인'),(19,'프로그래머'),(20,'기혼'),(21,'강동구'),(22,'미국'),(24,'testtag1'),(25,'testtag2'),(26,'얼짱'),(29,'아기'),(27,'100일'),(28,'돌');
/*!40000 ALTER TABLE `Tag` ENABLE KEYS */;
UNLOCK TABLES;

--
-- Table structure for table `TagRelation`
--

DROP TABLE IF EXISTS `TagRelation`;
/*!40101 SET @saved_cs_client     = @@character_set_client */;
/*!40101 SET character_set_client = utf8 */;
CREATE TABLE `TagRelation` (
  `user_idx` int(11) NOT NULL,
  `tag_idx` int(11) NOT NULL,
  `flag` varchar(255) NOT NULL,
  `group_idx` int(11) NOT NULL DEFAULT '0',
  PRIMARY KEY (`user_idx`,`tag_idx`,`flag`,`group_idx`)
) ENGINE=MyISAM DEFAULT CHARSET=utf8;
/*!40101 SET character_set_client = @saved_cs_client */;

--
-- Dumping data for table `TagRelation`
--

LOCK TABLES `TagRelation` WRITE;
/*!40000 ALTER TABLE `TagRelation` DISABLE KEYS */;
INSERT INTO `TagRelation` VALUES (51,1,'favorite',3),(51,1,'user',0),(51,3,'user',0),(51,4,'favorite',2),(51,8,'history',1),(51,9,'history',1),(51,10,'history',2),(51,11,'favorite',2),(51,11,'history',2),(51,14,'favorite',1),(51,14,'history',2),(51,15,'favorite',1),(51,17,'favorite',1),(51,18,'favorite',3),(51,18,'user',0),(51,19,'favorite',3),(51,19,'user',0),(51,20,'user',0),(51,21,'favorite',3),(51,24,'favorite',10),(51,25,'favorite',10),(52,3,'user',0),(1001,9,'user',0),(1001,16,'user',0),(1002,9,'user',0),(1002,16,'user',0),(1003,9,'user',0),(1003,16,'user',0),(1004,9,'user',0),(1004,16,'user',0),(1005,9,'user',0),(1005,16,'user',0),(1006,9,'user',0),(1006,16,'user',0),(1007,9,'user',0),(1007,16,'user',0),(1008,9,'user',0),(1008,16,'user',0),(1009,9,'user',0),(1009,16,'user',0),(1010,9,'user',0),(1010,16,'user',0),(1011,9,'user',0),(1011,16,'user',0),(1012,9,'user',0),(1012,16,'user',0),(1013,9,'user',0),(1013,16,'user',0),(1014,9,'user',0),(1014,16,'user',0),(1015,9,'user',0),(1015,16,'user',0),(1016,9,'user',0),(1016,16,'user',0),(1017,9,'user',0),(1017,16,'user',0),(1018,9,'user',0),(1018,16,'user',0),(1019,9,'user',0),(1019,16,'user',0),(1020,9,'user',0),(1020,16,'user',0),(1101,10,'user',0),(1101,11,'user',0),(1101,22,'user',0),(1102,10,'user',0),(1102,11,'user',0),(1102,22,'user',0),(1103,10,'user',0),(1103,11,'user',0),(1103,22,'user',0),(1104,10,'user',0),(1104,11,'user',0),(1104,22,'user',0),(1105,10,'user',0),(1105,11,'user',0),(1105,22,'user',0),(1106,10,'user',0),(1106,11,'user',0),(1106,22,'user',0),(1107,10,'user',0),(1107,11,'user',0),(1107,22,'user',0),(1108,10,'user',0),(1108,11,'user',0),(1108,22,'user',0),(1109,10,'user',0),(1109,11,'user',0),(1109,22,'user',0),(1110,10,'user',0),(1110,11,'user',0),(1110,22,'user',0),(1111,10,'user',0),(1111,11,'user',0),(1111,22,'user',0),(1112,10,'user',0),(1112,11,'user',0),(1112,22,'user',0),(1113,10,'user',0),(1113,11,'user',0),(1113,22,'user',0),(1114,10,'user',0),(1114,11,'user',0),(1114,22,'user',0),(1115,10,'user',0),(1115,11,'user',0),(1115,22,'user',0),(1116,10,'user',0),(1116,11,'user',0),(1116,22,'user',0),(1117,10,'user',0),(1117,11,'user',0),(1117,22,'user',0),(1118,10,'user',0),(1118,11,'user',0),(1118,22,'user',0),(1119,10,'user',0),(1119,11,'user',0),(1119,22,'user',0),(1120,10,'user',0),(1120,11,'user',0),(1120,22,'user',0),(1202,14,'user',0),(1202,15,'user',0),(1202,16,'user',0),(1202,17,'user',0),(1203,14,'user',0),(1203,15,'user',0),(1203,16,'user',0),(1203,17,'user',0),(1204,14,'user',0),(1204,15,'user',0),(1204,16,'user',0),(1204,17,'user',0),(1206,14,'user',0),(1206,15,'user',0),(1206,16,'user',0),(1206,17,'user',0),(1207,14,'user',0),(1207,15,'user',0),(1207,16,'user',0),(1207,17,'user',0),(1208,14,'user',0),(1208,15,'user',0),(1208,16,'user',0),(1208,17,'user',0),(1209,14,'user',0),(1209,15,'user',0),(1209,16,'user',0),(1209,17,'user',0),(1210,14,'user',0),(1210,15,'user',0),(1210,16,'user',0),(1210,17,'user',0),(1211,14,'user',0),(1211,15,'user',0),(1211,16,'user',0),(1211,17,'user',0),(1212,14,'user',0),(1212,15,'user',0),(1212,16,'user',0),(1212,17,'user',0),(1213,14,'user',0),(1213,15,'user',0),(1213,16,'user',0),(1213,17,'user',0),(1214,14,'user',0),(1214,15,'user',0),(1214,16,'user',0),(1214,17,'user',0),(1215,14,'user',0),(1215,15,'user',0),(1215,16,'user',0),(1215,17,'user',0),(1216,14,'user',0),(1216,15,'user',0),(1216,16,'user',0),(1216,17,'user',0),(1217,14,'user',0),(1217,15,'user',0),(1217,16,'user',0),(1217,17,'user',0),(1218,14,'user',0),(1218,15,'user',0),(1218,16,'user',0),(1218,17,'user',0),(1219,14,'user',0),(1219,15,'user',0),(1219,16,'user',0),(1219,17,'user',0),(1220,14,'user',0),(1220,15,'user',0),(1220,16,'user',0),(1220,17,'user',0),(1301,3,'user',0),(1301,11,'user',0),(1301,16,'user',0),(1301,26,'user',0),(1302,3,'user',0),(1302,11,'user',0),(1302,16,'user',0),(1302,26,'user',0),(1303,3,'user',0),(1303,11,'user',0),(1303,16,'user',0),(1303,26,'user',0),(1304,3,'user',0),(1304,11,'user',0),(1304,16,'user',0),(1304,26,'user',0),(1305,3,'user',0),(1305,11,'user',0),(1305,16,'user',0),(1305,26,'user',0),(1306,3,'user',0),(1306,11,'user',0),(1306,16,'user',0),(1306,26,'user',0),(1307,3,'user',0),(1307,11,'user',0),(1307,16,'user',0),(1307,26,'user',0),(1308,3,'user',0),(1308,11,'user',0),(1308,16,'user',0),(1308,26,'user',0),(1309,3,'user',0),(1309,11,'user',0),(1309,16,'user',0),(1309,26,'user',0),(1310,3,'user',0),(1310,11,'user',0),(1310,16,'user',0),(1310,26,'user',0),(1311,3,'user',0),(1311,11,'user',0),(1311,16,'user',0),(1311,26,'user',0),(1312,3,'user',0),(1312,11,'user',0),(1312,16,'user',0),(1312,26,'user',0),(1313,3,'user',0),(1313,11,'user',0),(1313,16,'user',0),(1313,26,'user',0),(1314,3,'user',0),(1314,11,'user',0),(1314,16,'user',0),(1314,26,'user',0),(1315,3,'user',0),(1315,11,'user',0),(1315,16,'user',0),(1315,26,'user',0),(1316,3,'user',0),(1316,11,'user',0),(1316,16,'user',0),(1316,26,'user',0),(1317,3,'user',0),(1317,11,'user',0),(1317,16,'user',0),(1317,26,'user',0),(1318,3,'user',0),(1318,11,'user',0),(1318,16,'user',0),(1318,26,'user',0),(1319,3,'user',0),(1319,11,'user',0),(1319,16,'user',0),(1319,26,'user',0),(1320,3,'user',0),(1320,11,'user',0),(1320,16,'user',0),(1320,26,'user',0);
/*!40000 ALTER TABLE `TagRelation` ENABLE KEYS */;
UNLOCK TABLES;

--
-- Table structure for table `User`
--

DROP TABLE IF EXISTS `User`;
/*!40101 SET @saved_cs_client     = @@character_set_client */;
/*!40101 SET character_set_client = utf8 */;
CREATE TABLE `User` (
  `user_idx` int(11) NOT NULL AUTO_INCREMENT,
  `email` varchar(32) NOT NULL,
  `password` varchar(32) NOT NULL,
  `title` varchar(255) DEFAULT NULL,
  `name` varchar(32) NOT NULL,
  `today_point` int(11) DEFAULT '0',
  `total_point` int(11) DEFAULT '0',
  `today_comment` int(11) DEFAULT '0',
  `total_comment` int(11) DEFAULT '0',
  `sex` varchar(1) DEFAULT NULL,
  `age` varchar(10) DEFAULT NULL,
  `sns` int(11) DEFAULT NULL,
  `last_login` varchar(14) DEFAULT NULL,
  `visit_count` int(11) DEFAULT NULL,
  `updated_date` varchar(14) DEFAULT NULL,
  `deleted_date` varchar(14) DEFAULT NULL,
  PRIMARY KEY (`user_idx`)
) ENGINE=MyISAM AUTO_INCREMENT=10013 DEFAULT CHARSET=utf8;
/*!40101 SET character_set_client = @saved_cs_client */;

--
-- Dumping data for table `User`
--

LOCK TABLES `User` WRITE;
/*!40000 ALTER TABLE `User` DISABLE KEYS */;
INSERT INTO `User` VALUES (51,'garyuwer@gmail.com','garyuwer','재미지다 페이스챠트^^','김태진',0,0,15,775,NULL,NULL,NULL,'20120707094706',3,'20120620111115',NULL),(52,'davidmommy@gmail.com','davidmommy',NULL,'정은수',0,0,11,952,NULL,NULL,NULL,'20120620111115',5,'20120620111115',NULL),(53,'garyuwer@naver.com','garyuwer',NULL,'김다빛',0,0,52,9354,NULL,NULL,NULL,'20120620111115',3,'20120620111115',NULL),(1205,'suji@suji.com','suji',NULL,'수지',0,0,133,568,NULL,NULL,NULL,'20120621125412',8,'20120621125412',NULL),(1201,'soyeon@sy.com','soyeon',NULL,'소연',0,0,22,369,NULL,NULL,NULL,'20120621060507',2,'20120621060507',NULL),(1001,'leemb@leemb.com','leemb',NULL,'이명박',6,6,578,7891,NULL,NULL,NULL,'20120620111115',2,'20120620111115',NULL),(1002,'parkkh@parkkh.com','parkkh',NULL,'박근혜',2,13,154,457,NULL,NULL,NULL,'20120620111115',3,'20120620111115',NULL),(1003,'parkws@parkws.com','parkws',NULL,'박원순',53,72,25,7,NULL,NULL,NULL,'20120620111115',2,'20120620111115',NULL),(1004,'jungmj@jungmj.com','jungmj',NULL,'정몽준',3,11,125,258,NULL,NULL,NULL,'20120620111115',2,'20120620111115',NULL),(1005,'leejo@leejo.com','leejo',NULL,'이재오',1,8,23,233,NULL,NULL,NULL,'20120620111115',2,'20120620111115',NULL),(1006,'hongjp@hongjp.com','hongjp',NULL,'홍준표',7,23,12,1223,NULL,NULL,NULL,'20120620111115',2,'20120620111115',NULL),(1007,'kimms@kimms.com','kimms',NULL,'김문수',26,13,154,4555,NULL,NULL,NULL,'20120620111115',1,'20120620111115',NULL),(1008,'ohsh@ohsh.com','ohsh',NULL,'오세훈',11,10,15,852,NULL,NULL,NULL,'20120620111115',2,'20120620111115',NULL),(1009,'wonhr@wonhr.com','wonhr',NULL,'원희룡',14,17,21,1256,NULL,NULL,NULL,'20120620111115',1,'20120620111115',NULL),(1010,'jungdy@jungdy.com','jungdy',NULL,'정동영',8,10,222,1254,NULL,NULL,NULL,'20120620111115',5,'20120620111115',NULL),(1011,'sonhg@sonhg.com','sonhg',NULL,'손학규',4,8,21,214,NULL,NULL,NULL,'20120620111115',2,'20120620111115',NULL),(1012,'jungsg@jungsg.com','jungsg',NULL,'정세균',17,25,12,524,NULL,NULL,NULL,'20120620111115',3,'20120620111115',NULL),(1013,'nohc@nohc.com','nohc',NULL,'노회찬',20,25,21,2587,NULL,NULL,NULL,'20120620111115',5,'20120620111115',NULL),(1014,'yoosm@yoosm.com','yoosm',NULL,'유시민',41,39,25,2145,NULL,NULL,NULL,'20120620111115',3,'20120620111115',NULL),(1015,'hanms@hanms.com','hanms',NULL,'한명숙',5,18,14,2574,NULL,NULL,NULL,'20120620111115',4,'20120620111115',NULL),(1016,'leejh@leejh.com','leejh',NULL,'김용민',32,20,12,874,NULL,NULL,NULL,'20120620111115',2,'20120620111115',NULL),(1017,'leehc@leehc.com','leehc',NULL,'이회창',0,0,78,458,NULL,NULL,NULL,'20120620111115',2,'20120620111115',NULL),(1018,'nakw@nakw.com','nakw',NULL,'나경원',0,0,145,2854,NULL,NULL,NULL,'20120620111115',3,'20120620111115',NULL),(1019,'kimhg@kimhg.com','kimhg',NULL,'김한길',0,0,25,2541,NULL,NULL,NULL,'20120620111115',2,'20120620111115',NULL),(1020,'huhky@huhky.com','huhky',NULL,'허경영',0,0,521,3257,NULL,NULL,NULL,'20120620111115',3,'20120620111115',NULL),(1101,'jeshica@jeshica.com','jeshica',NULL,'제시카 차스테인',874,38,21,2564,NULL,NULL,NULL,'20120623111111',5,'20120623111111',NULL),(1102,'emma@emma.com','emma',NULL,'엠마스톤',861,30,147,14147,NULL,NULL,NULL,'20120623111111',2,'20120623111111',NULL),(1103,'ann@ann.com','ann',NULL,'앤 해서웨이',858,71,25,4512,NULL,NULL,NULL,'20120623111111',5,'20120623111111',NULL),(1104,'cloi@cloi.com','cloi',NULL,'클로이 모레',860,82,215,7456,NULL,NULL,NULL,'20120623111111',2,'20120623111111',NULL),(1105,'kerry@kerry.com','kerry',NULL,'캐리 멀리건',855,23,214,4563,NULL,NULL,NULL,'20120623111111',2,'20120623111111',NULL),(1106,'amanda@amanda.com','amanda',NULL,'아만다 사이프리드',865,62,541,2145,NULL,NULL,NULL,'20120623111111',2,'20120623111111',NULL),(1107,'kristine@kristine.com','kristine',NULL,'크리스틴 스튜어드',907,69,520,4563,NULL,NULL,NULL,'20120623111111',5,'20120623111111',NULL),(1108,'emmaws@emmaws.com','emmaws',NULL,'엠마 왓슨',871,80,456,6541,NULL,NULL,NULL,'20120623111111',2,'20120623111111',NULL),(1109,'jeniper@jeniper.com','jeniper',NULL,'제니퍼 로렌',862,21,745,2145,NULL,NULL,NULL,'20120623111111',2,'20120623111111',NULL),(1110,'rilly@rilly.com','rilly',NULL,'릴리 콜린스',868,51,214,4123,NULL,NULL,NULL,'20120623111111',4,'20120623111111',NULL),(1111,'scalet@scalet.com','scalet',NULL,'스칼렛 요한슨',856,33,20,2323,NULL,NULL,NULL,'20120630200000',1,'20120630200000',NULL),(1112,'mia@mia.com','mia',NULL,'미아 와시코우스카',859,31,52,2451,NULL,NULL,NULL,'20120630200000',2,'20120630200000',NULL),(1113,'marion@marion.com','marion',NULL,'마리온 꼬띠아르',857,32,21,1254,NULL,NULL,NULL,'20120630200000',3,'20120630200000',NULL),(1114,'kiira@kiira.com','kiira',NULL,'키이라 나이틀리',880,49,14,1245,NULL,NULL,NULL,'20120630200000',2,'20120630200000',NULL),(1115,'bleik@bleik.com','bleik',NULL,'블레이크 라이블리',886,40,14,2456,NULL,NULL,NULL,'20120630200000',1,'20120630200000',NULL),(1116,'molivia@molivia.com','molivia',NULL,'몰리비아 와일드',895,30,15,2541,NULL,NULL,NULL,'20120630200000',1,'20120630200000',NULL),(1117,'sielsya@sielsya.com','sielsya',NULL,'시얼샤 로넌',0,0,12,2546,NULL,NULL,NULL,'20120630200000',2,'20120630200000',NULL),(1118,'elizabes@elizabes.com','elizabes',NULL,'엘리자베스 올슨',0,0,14,2563,NULL,NULL,NULL,'20120630200000',2,'20120630200000',NULL),(1119,'anna@anna.com','anna',NULL,'안나 켄드릭',0,0,145,2654,NULL,NULL,NULL,'20120630200000',3,'20120630200000',NULL),(1120,'juno@juno.com','juno',NULL,'주노 템플',0,0,14,1452,NULL,NULL,NULL,'20120630200000',2,'20120630200000',NULL),(1202,'iu@iu.com','iu','오늘도 홧팅! ffighting!! ^^*','아이유',114,102,13,1231,NULL,NULL,NULL,'20120630200000',2,'20120630200000',NULL),(1203,'jiyoun@jiyoun.com','jiyoun',NULL,'지연',123,86,12,1254,NULL,NULL,NULL,'20120630200000',1,'20120630200000',NULL),(1204,'taeyoun@taeyoun.com','tayoun',NULL,'태연',159,119,12,1254,NULL,NULL,NULL,'20120630200000',2,'20120630200000',NULL),(1206,'jeshica@jeshica.com','jeshica',NULL,'제시카',108,52,14,2541,NULL,NULL,NULL,'20120630200000',2,'20120630200000',NULL),(1207,'hyuna@hyuna.com','hyuna',NULL,'현아',109,50,14,1456,NULL,NULL,NULL,'20120630200000',3,'20120630200000',NULL),(1208,'suly@suly.com','suly',NULL,'설리',147,60,14,1452,NULL,NULL,NULL,'20120630200000',3,'20120630200000',NULL),(1209,'soyoun@soyoun.com','soyoun',NULL,'소연',111,78,14,1452,NULL,NULL,NULL,'20120630200000',3,'20120630200000',NULL),(1210,'hameunjung@hameunjung','hameunjung',NULL,'함은정',120,97,25,2541,NULL,NULL,NULL,'20120630200000',2,'20120630200000',NULL),(1211,'tipani@tipani.com','tipani',NULL,'티파니',126,39,25,2541,NULL,NULL,NULL,'20120630200000',2,'20120630200000',NULL),(1212,'seohyun@seohyun.com','seohyun',NULL,'서현',117,49,14,1452,NULL,NULL,NULL,'20120630200000',2,'20120630200000',NULL),(1213,'cristal@cristal.com','cristal',NULL,'크리스탈',107,64,14,1452,NULL,NULL,NULL,'20120630200000',5,'20120630200000',NULL),(1215,'yuri@yuri.com','yuri',NULL,'유리',110,33,14,1452,NULL,NULL,NULL,'20120630200000',5,'20120630200000',NULL),(1216,'kangminkyoung@kangminkyung.com','kangminkyung',NULL,'강민경',132,64,14,1452,NULL,NULL,NULL,'20120630200000',2,'20120630200000',NULL),(1214,'hyomin@hyomin.com','hyomin',NULL,'효민',113,80,25,2563,NULL,NULL,NULL,'20120630200000',4,'20120630200000',NULL),(1217,'sandarapark@sandarapark.com','sandarapark',NULL,'산다라박',112,39,25,2563,NULL,NULL,NULL,'20120630200000',6,'20120630200000',NULL),(1218,'sonnaeun@sonnaeun.com','sonnaeun',NULL,'손나은',138,66,14,1452,NULL,NULL,NULL,'20120630200000',2,'20120630200000',NULL),(1219,'hsy@hsy.com','hsy',NULL,'한승연',0,0,25,2563,NULL,NULL,NULL,'20120630200000',2,'20120630200000',NULL),(1220,'kjy@kjy.com','kjy',NULL,'강지영',0,0,25,2563,NULL,NULL,NULL,'20120630200000',4,'20120630200000',NULL),(10000,'tjkim@tj.com','tjkim',NULL,'Tj',0,0,12,67,NULL,NULL,NULL,'20120701000000',1,'20120701000000',NULL),(10001,'abe3@abe3.com','abe3',NULL,'abe3',0,0,0,0,NULL,NULL,NULL,'20120702135039',0,'20120702135039',NULL),(10003,'kim2@kim2.com','kim2',NULL,'kim2',0,0,0,0,NULL,NULL,NULL,'20120702135406',0,'20120702135406',NULL),(10002,'kim@kim.com','kim',NULL,'garyuwer',0,0,0,0,'M','30',NULL,'20120702135039',0,'20120703010620',NULL),(10004,'kim3@kim3.com','kim3',NULL,'kim3',0,0,0,0,NULL,NULL,NULL,'20120702135447',0,'20120702135447',NULL),(10005,'a@aaa.com','aaa',NULL,'aaacomAaa',0,0,0,0,NULL,NULL,NULL,'20120703165641',0,'20120703165641',NULL),(10006,'hyuny@hyuny.com','hyuny',NULL,'Lovely 혀니',0,0,37,30,NULL,NULL,NULL,'20120703165935',0,'20120703165935',NULL),(10007,'soulking@soulking.com','soulking',NULL,'SoulKing',0,0,0,0,NULL,NULL,NULL,'20120703171251',0,'20120703171251',NULL),(10008,'tj@facechart.org','garyuwer',NULL,'Garyuwer',0,0,0,0,NULL,NULL,NULL,'20120703232604',0,'20120703232604',NULL),(10009,'a','a',NULL,'aaaAa',0,0,0,0,NULL,NULL,NULL,'20120704191013',0,'20120704191013',NULL),(10010,'jaezinpark@gmail.com','face1234',NULL,'jaezin',0,0,5,10,NULL,NULL,NULL,'20120709085947',0,'20120706002649',NULL),(10011,'a@a','a',NULL,'testMan',0,0,0,0,NULL,NULL,NULL,'20120706232504',NULL,'20120706172110',NULL),(1,'guest','guest','비회원 접속중입니다','GUEST',0,0,1,4,NULL,NULL,NULL,'20120707001436',0,'20120706172110',NULL),(1301,'ljj@ljj.com','ljj',' 모래시계때가 짱이었다!','이정재',160,18,0,0,NULL,NULL,NULL,NULL,NULL,NULL,NULL),(1302,'lsj@lsj.com','lsj','이성재입니다.','이성재',176,25,0,0,NULL,NULL,NULL,NULL,NULL,NULL,NULL),(1303,'yos@yos.com','yos',NULL,'유오성',164,6,0,0,NULL,NULL,NULL,NULL,NULL,NULL,NULL),(1304,'hsk@hsk.com','hsk',NULL,'한석규',165,8,0,0,NULL,NULL,NULL,NULL,NULL,NULL,NULL),(1305,'lsb@lsb.com','lsb',NULL,'류승범',161,8,0,0,NULL,NULL,NULL,NULL,NULL,NULL,NULL),(1306,'jus@jus.com','jus',NULL,'정우성',200,33,0,0,NULL,NULL,NULL,NULL,NULL,NULL,NULL),(1307,'cms@cms.com','cms','cms','최민식',162,11,0,0,NULL,NULL,NULL,NULL,NULL,NULL,NULL),(1308,'shj@shj.com','shj','신현준','신현준',166,18,0,0,NULL,NULL,NULL,NULL,NULL,NULL,NULL),(1309,'lbh@lbh.com','lbh','lbh','이병헌',191,13,0,0,NULL,NULL,NULL,NULL,NULL,NULL,NULL),(1310,'ljk@ljk.com','ljk','ljk','이준기',185,29,0,0,NULL,NULL,NULL,NULL,NULL,NULL,NULL),(1311,'kdw@kdw.com','kdw',NULL,'강동원',163,25,0,0,NULL,NULL,NULL,NULL,NULL,NULL,NULL),(1312,'wb@wb.com','wb',NULL,'원빈',179,36,0,0,NULL,NULL,NULL,NULL,NULL,NULL,NULL),(1313,'jdk@jdk.com','jdk',NULL,'장동건',170,23,0,0,NULL,NULL,NULL,NULL,NULL,NULL,NULL),(1314,'ask@ask.com','ask',NULL,'안성기',173,12,0,0,NULL,NULL,NULL,NULL,NULL,NULL,NULL),(1315,'hb@hb.com','hb','현빈입니다','현빈',212,40,0,0,NULL,NULL,NULL,NULL,NULL,NULL,NULL),(1316,'ksw@ksw.com','ksw','권상우','권상우',167,13,0,0,NULL,NULL,NULL,NULL,NULL,NULL,NULL),(1317,'ldk@ldk.com','ldk','건이입니다.','이동건',0,0,0,0,NULL,NULL,NULL,NULL,NULL,NULL,NULL),(1318,'ssh@ssh.com','ssh','승헌','송승헌',0,0,0,0,NULL,NULL,NULL,NULL,NULL,NULL,NULL),(1319,'sjs@sjs.com','sjs','지섭','소지섭',0,0,0,0,NULL,NULL,NULL,NULL,NULL,NULL,NULL),(1320,'klw@klw.com','klw','김래원입니다.','김래원',0,0,0,0,NULL,NULL,NULL,NULL,NULL,NULL,NULL),(10012,'jogamza@gmail.com','ehdgml',NULL,'조감자',0,0,0,0,NULL,NULL,NULL,'20120708152759',NULL,'20120707214454',NULL);
/*!40000 ALTER TABLE `User` ENABLE KEYS */;
UNLOCK TABLES;

--
-- Table structure for table `UserDetail`
--

DROP TABLE IF EXISTS `UserDetail`;
/*!40101 SET @saved_cs_client     = @@character_set_client */;
/*!40101 SET character_set_client = utf8 */;
CREATE TABLE `UserDetail` (
  `idx` int(11) NOT NULL,
  `user_idx` int(11) NOT NULL,
  `sex` varchar(1) DEFAULT NULL,
  `area` varchar(255) DEFAULT NULL,
  `country` varchar(255) DEFAULT NULL,
  `age` int(11) DEFAULT NULL,
  PRIMARY KEY (`idx`)
) ENGINE=MyISAM DEFAULT CHARSET=utf8;
/*!40101 SET character_set_client = @saved_cs_client */;

--
-- Dumping data for table `UserDetail`
--

LOCK TABLES `UserDetail` WRITE;
/*!40000 ALTER TABLE `UserDetail` DISABLE KEYS */;
/*!40000 ALTER TABLE `UserDetail` ENABLE KEYS */;
UNLOCK TABLES;

--
-- Table structure for table `UserRelation`
--

DROP TABLE IF EXISTS `UserRelation`;
/*!40101 SET @saved_cs_client     = @@character_set_client */;
/*!40101 SET character_set_client = utf8 */;
CREATE TABLE `UserRelation` (
  `idx` int(11) NOT NULL,
  `user_idx` int(11) NOT NULL,
  `flag` varchar(255) NOT NULL,
  PRIMARY KEY (`idx`,`user_idx`,`flag`)
) ENGINE=MyISAM DEFAULT CHARSET=utf8;
/*!40101 SET character_set_client = @saved_cs_client */;

--
-- Dumping data for table `UserRelation`
--

LOCK TABLES `UserRelation` WRITE;
/*!40000 ALTER TABLE `UserRelation` DISABLE KEYS */;
INSERT INTO `UserRelation` VALUES (51,1,'history'),(51,5,'favorite'),(51,5,'history'),(51,52,'favorite'),(51,53,'favorite'),(51,53,'history');
/*!40000 ALTER TABLE `UserRelation` ENABLE KEYS */;
UNLOCK TABLES;

--
-- Table structure for table `photo`
--

DROP TABLE IF EXISTS `photo`;
/*!40101 SET @saved_cs_client     = @@character_set_client */;
/*!40101 SET character_set_client = utf8 */;
CREATE TABLE `photo` (
  `idx` int(10) unsigned NOT NULL AUTO_INCREMENT,
  `useridx` int(10) unsigned NOT NULL,
  `title` varchar(255) DEFAULT NULL,
  `point` int(10) DEFAULT NULL,
  `main` enum('N','Y') DEFAULT 'N',
  `profile` enum('N','Y') DEFAULT 'N',
  `createdate` datetime NOT NULL,
  PRIMARY KEY (`idx`),
  KEY `photo_useridx_idx` (`useridx`)
) ENGINE=InnoDB AUTO_INCREMENT=122 DEFAULT CHARSET=utf8;
/*!40101 SET character_set_client = @saved_cs_client */;

--
-- Dumping data for table `photo`
--

LOCK TABLES `photo` WRITE;
/*!40000 ALTER TABLE `photo` DISABLE KEYS */;
INSERT INTO `photo` VALUES (30,1001,'사진 타이틀 입니다.',0,'Y','Y','2012-06-29 23:47:04'),(31,1002,'사진 타이틀 입니다.',0,'Y','Y','2012-06-30 00:41:22'),(32,1003,'사진 타이틀 입니다.',0,'Y','Y','2012-06-30 00:41:40'),(33,1004,'사진 타이틀 입니다.',0,'Y','Y','2012-06-30 00:41:59'),(34,1005,'사진 타이틀 입니다.',0,'Y','Y','2012-06-30 00:42:23'),(35,1006,'사진 타이틀 입니다.',0,'Y','Y','2012-06-30 00:42:49'),(36,1007,'사진 타이틀 입니다.',0,'Y','Y','2012-06-30 00:43:43'),(37,1008,'사진 타이틀 입니다.',0,'Y','Y','2012-06-30 00:44:08'),(38,1009,'사진 타이틀 입니다.',0,'Y','Y','2012-06-30 00:44:26'),(39,1010,'사진 타이틀 입니다.',0,'Y','Y','2012-06-30 00:44:41'),(40,1011,'사진 타이틀 입니다.',0,'Y','Y','2012-06-30 00:45:03'),(41,1012,'사진 타이틀 입니다.',0,'Y','Y','2012-06-30 00:46:29'),(42,1013,'사진 타이틀 입니다.',0,'Y','Y','2012-06-30 00:46:48'),(43,1014,'사진 타이틀 입니다.',0,'Y','Y','2012-06-30 00:47:16'),(44,1015,'사진 타이틀 입니다.',0,'Y','Y','2012-06-30 00:47:34'),(45,1017,'사진 타이틀 입니다.',0,'Y','Y','2012-06-30 00:47:58'),(46,1018,'사진 타이틀 입니다.',0,'Y','Y','2012-06-30 00:48:18'),(47,1019,'사진 타이틀 입니다.',0,'Y','Y','2012-06-30 00:48:42'),(48,1020,'사진 타이틀 입니다.',0,'Y','Y','2012-06-30 00:49:03'),(49,1101,'사진 타이틀 입니다.',0,'Y','Y','2012-07-01 17:34:39'),(50,1102,'사진 타이틀 입니다.',0,'Y','Y','2012-07-01 17:35:00'),(51,1103,'사진 타이틀 입니다.',0,'Y','Y','2012-07-01 17:35:24'),(52,1104,'사진 타이틀 입니다.',0,'Y','Y','2012-07-01 17:35:53'),(53,1105,'사진 타이틀 입니다.',0,'Y','Y','2012-07-01 17:36:21'),(54,1106,'사진 타이틀 입니다.',0,'Y','Y','2012-07-01 17:36:41'),(55,1107,'사진 타이틀 입니다.',0,'Y','Y','2012-07-01 17:37:13'),(56,1108,'사진 타이틀 입니다.',0,'Y','Y','2012-07-01 17:37:46'),(57,1109,'사진 타이틀 입니다.',0,'Y','Y','2012-07-01 17:38:05'),(58,1110,'사진 타이틀 입니다.',0,'Y','Y','2012-07-01 17:38:34'),(59,1111,'사진 타이틀 입니다.',0,'Y','Y','2012-07-01 17:38:47'),(60,1112,'사진 타이틀 입니다.',0,'Y','Y','2012-07-01 17:39:03'),(61,1113,'사진 타이틀 입니다.',0,'Y','Y','2012-07-01 17:39:20'),(62,1114,'사진 타이틀 입니다.',0,'Y','Y','2012-07-01 17:39:43'),(63,1115,'사진 타이틀 입니다.',0,'Y','Y','2012-07-01 17:40:13'),(64,1116,'사진 타이틀 입니다.',0,'Y','Y','2012-07-01 17:40:28'),(65,1117,'사진 타이틀 입니다.',0,'Y','Y','2012-07-01 17:40:44'),(66,1118,'사진 타이틀 입니다.',0,'Y','Y','2012-07-01 17:40:57'),(67,1119,'사진 타이틀 입니다.',0,'Y','Y','2012-07-01 17:41:13'),(68,1120,'사진 타이틀 입니다.',0,'Y','Y','2012-07-01 17:41:34'),(69,1202,'옛날 유선 전화기가 그리울 때가 있당. ㅎㅎㅎㅎ 발신자 표시없는 장난전화질 ㅋㅋ',0,'Y','N','2012-07-01 17:42:32'),(70,1203,'사진 타이틀 입니다.',0,'Y','Y','2012-07-01 17:42:55'),(71,1204,'사진 타이틀 입니다.',0,'Y','Y','2012-07-01 17:43:17'),(72,1206,'사진 타이틀 입니다.',0,'Y','Y','2012-07-01 17:43:46'),(73,1207,'사진 타이틀 입니다.',0,'Y','Y','2012-07-01 17:44:05'),(74,1208,'사진 타이틀 입니다.',0,'Y','Y','2012-07-01 17:44:28'),(75,1209,'사진 타이틀 입니다.',0,'Y','Y','2012-07-01 17:44:44'),(77,1211,'사진 타이틀 입니다.',0,'Y','Y','2012-07-01 17:45:32'),(78,1212,'사진 타이틀 입니다.',0,'Y','Y','2012-07-01 17:45:52'),(79,1213,'사진 타이틀 입니다.',0,'Y','Y','2012-07-01 17:47:45'),(80,1215,'사진 타이틀 입니다.',0,'Y','Y','2012-07-01 17:48:03'),(81,1216,'사진 타이틀 입니다.',0,'Y','Y','2012-07-01 17:48:19'),(82,1214,'사진 타이틀 입니다.',0,'Y','Y','2012-07-01 17:49:36'),(83,1217,'사진 타이틀 입니다.',0,'Y','Y','2012-07-01 17:49:56'),(84,1218,'사진 타이틀 입니다.',0,'Y','Y','2012-07-01 17:50:16'),(85,1219,'사진 타이틀 입니다.',0,'Y','Y','2012-07-01 17:50:32'),(86,1220,'사진 타이틀 입니다.',0,'Y','Y','2012-07-01 17:50:48'),(87,1016,'사진 타이틀 입니다.',0,'Y','N','2012-07-01 18:47:00'),(88,100,'사진 타이틀 입니다.',0,'Y','N','2012-07-05 02:48:06'),(89,51,'사진 타이틀 입니다.',0,'Y','N','2012-07-05 15:09:50'),(90,53,'사진 타이틀 입니다.',0,'Y','N','2012-07-05 21:57:16'),(91,10007,'사진 타이틀 입니다.',0,'Y','N','2012-07-05 21:58:52'),(92,1202,'사진 타이틀 입니다.',0,'N','Y','2012-07-06 20:29:22'),(93,1210,'사진 타이틀 입니다.',0,'Y','N','2012-07-06 20:56:43'),(94,1202,'사진 타이틀 입니다.',0,'N','N','2012-07-06 21:03:42'),(96,1202,'사진 타이틀 입니다.',0,'N','N','2012-07-06 21:04:48'),(97,1202,'사진 타이틀 입니다.',0,'N','N','2012-07-06 21:05:00'),(98,1202,'사진 타이틀 입니다.',0,'N','N','2012-07-06 21:08:12'),(99,1202,'사진 타이틀 입니다.',0,'N','N','2012-07-06 21:08:25'),(100,1202,'사진 타이틀 입니다.',0,'N','N','2012-07-06 21:08:42'),(101,1301,'사진 타이틀 입니다.',0,'Y','N','2012-07-06 22:13:49'),(102,1302,'사진 타이틀 입니다.',0,'Y','N','2012-07-06 22:18:08'),(103,1303,'사진 타이틀 입니다.',0,'Y','N','2012-07-06 22:18:49'),(104,1304,'사진 타이틀 입니다.',0,'Y','N','2012-07-06 22:19:17'),(105,1305,'사진 타이틀 입니다.',0,'Y','N','2012-07-06 22:19:43'),(106,1306,'사진 타이틀 입니다.',0,'Y','N','2012-07-06 22:20:10'),(108,1307,'사진 타이틀 입니다.',0,'Y','N','2012-07-06 22:23:45'),(109,1308,'사진 타이틀 입니다.',0,'Y','N','2012-07-06 22:27:28'),(110,1309,'사진 타이틀 입니다.',0,'Y','N','2012-07-06 22:27:46'),(111,1310,'사진 타이틀 입니다.',0,'Y','N','2012-07-06 22:28:15'),(112,1311,'사진 타이틀 입니다.',0,'Y','N','2012-07-06 22:28:39'),(113,1312,'사진 타이틀 입니다.',0,'Y','N','2012-07-06 22:28:55'),(114,1313,'사진 타이틀 입니다.',0,'Y','N','2012-07-06 22:29:12'),(115,1314,'사진 타이틀 입니다.',0,'Y','N','2012-07-06 22:29:28'),(116,1315,'사진 타이틀 입니다.',0,'Y','N','2012-07-06 22:29:46'),(117,1316,'사진 타이틀 입니다.',0,'Y','N','2012-07-06 22:30:01'),(118,1317,'사진 타이틀 입니다.',0,'Y','N','2012-07-06 22:30:25'),(119,1318,'사진 타이틀 입니다.',0,'Y','N','2012-07-06 22:30:40'),(120,1319,'사진 타이틀 입니다.',0,'Y','N','2012-07-06 22:31:00'),(121,1320,'사진 타이틀 입니다.',0,'Y','N','2012-07-06 22:31:19');
/*!40000 ALTER TABLE `photo` ENABLE KEYS */;
UNLOCK TABLES;

--
-- Table structure for table `photocomment`
--

DROP TABLE IF EXISTS `photocomment`;
/*!40101 SET @saved_cs_client     = @@character_set_client */;
/*!40101 SET character_set_client = utf8 */;
CREATE TABLE `photocomment` (
  `idx` int(10) unsigned NOT NULL AUTO_INCREMENT,
  `photoidx` int(10) unsigned NOT NULL,
  `useridx` int(10) unsigned NOT NULL,
  `content` text NOT NULL,
  `createdate` datetime NOT NULL,
  PRIMARY KEY (`idx`),
  KEY `photocomment_photoidx_idx` (`photoidx`)
) ENGINE=InnoDB AUTO_INCREMENT=62 DEFAULT CHARSET=utf8;
/*!40101 SET character_set_client = @saved_cs_client */;

--
-- Dumping data for table `photocomment`
--

LOCK TABLES `photocomment` WRITE;
/*!40000 ALTER TABLE `photocomment` DISABLE KEYS */;
INSERT INTO `photocomment` VALUES (9,50,1003,'comment_test','2012-07-04 21:15:29'),(10,50,1003,'comment_test2','2012-07-04 21:15:35'),(11,49,10006,'123 HI ㅇㅏㄴㄴㅕㅇ','2012-07-05 01:16:09'),(12,57,10006,'Aaa','2012-07-05 01:46:25'),(13,49,10006,'xlarge','2012-07-05 10:39:23'),(14,49,10006,'cool','2012-07-05 10:40:11'),(15,49,10006,'Yo baby','2012-07-05 10:42:15'),(16,49,10006,'ahang','2012-07-05 10:43:07'),(17,49,10006,'Facechart!','2012-07-05 10:46:12'),(18,49,10006,'hey','2012-07-05 10:48:57'),(19,49,10006,'Hi~','2012-07-05 10:50:14'),(20,49,10006,'You are so beautiful~~~~~~~~~~~~~~~~~~~~~~~~~~~~~~~~~~~~~~~~~~~~~~~~','2012-07-05 11:11:21'),(21,49,10006,'k','2012-07-05 11:13:22'),(22,69,51,'에~ 그럴때는 발신번호제한을 사용하셈~ㅋ','2012-07-05 11:38:28'),(23,69,10007,'*23# 이었던가?','2012-07-05 11:38:43'),(24,50,1003,'comment_test3','2012-07-05 12:45:55'),(25,69,10006,'그럼 못써!ㅋ 그래도 재밌겠다 꽈배기 줄 손가락으로 배배 꼬면서… 아날로그조아^^','2012-07-05 12:48:08'),(26,49,10006,'java','2012-07-05 12:52:59'),(27,49,10006,'kung','2012-07-05 12:53:33'),(28,50,1003,'comment_test4','2012-07-05 12:55:13'),(29,50,1003,'comment_test4','2012-07-05 12:57:09'),(30,49,10006,'Ok?','2012-07-05 13:07:46'),(31,50,1003,'comment_test5','2012-07-05 13:12:01'),(32,49,10006,'Add?','2012-07-05 13:12:56'),(33,49,10006,'abcd','2012-07-05 13:14:00'),(34,49,10006,'asd','2012-07-05 14:07:01'),(35,50,1003,'comment_test5','2012-07-05 14:10:47'),(36,49,10006,'ㄱㅣㅊㅏ','2012-07-05 14:12:56'),(37,49,10006,'Tired','2012-07-05 14:24:32'),(38,49,10006,'123','2012-07-05 14:29:08'),(39,49,10006,'Ok Success!!!! ','2012-07-05 14:29:40'),(40,49,10006,'Ye!!!','2012-07-05 14:29:50'),(41,49,10006,'hello','2012-07-05 14:37:20'),(42,49,10006,'ache','2012-07-05 14:37:58'),(43,49,10006,'acheache','2012-07-05 14:38:18'),(44,49,10006,'chuchu Train','2012-07-05 14:43:35'),(45,49,10006,'scroll','2012-07-05 14:57:55'),(46,49,10006,'Scroll success!!!','2012-07-05 14:58:14'),(47,49,10006,'Ok~~~','2012-07-05 14:58:22'),(48,69,10010,'Hello~ I love you!!!','2012-07-06 00:28:05'),(49,79,10010,'cristal','2012-07-06 03:41:04'),(50,31,10010,'Are you OK?','2012-07-06 11:32:56'),(51,69,10010,'아이유가 너무 좋으다 ㅎㅎ','2012-07-06 13:43:22'),(52,71,10010,'snsd','2012-07-06 14:55:16'),(53,100,1,'아이유','2012-07-06 21:49:44'),(54,52,1,'참 이쁘십니다','2012-07-06 21:54:05'),(55,54,10010,'Hi~','2012-07-06 22:09:13'),(56,73,1,'댓글테스트','2012-07-06 23:11:54'),(57,113,1,'원빈바보','2012-07-07 00:37:18'),(58,54,10010,'Hello','2012-07-07 00:51:51'),(59,93,10010,'hi','2012-07-07 01:33:16'),(60,69,10010,'아이유가 너무 조으다','2012-07-07 01:52:18'),(61,69,10010,'모델로 고용합니다','2012-07-07 01:52:49');
/*!40000 ALTER TABLE `photocomment` ENABLE KEYS */;
UNLOCK TABLES;

--
-- Table structure for table `photopoint`
--

DROP TABLE IF EXISTS `photopoint`;
/*!40101 SET @saved_cs_client     = @@character_set_client */;
/*!40101 SET character_set_client = utf8 */;
CREATE TABLE `photopoint` (
  `idx` int(10) unsigned NOT NULL AUTO_INCREMENT,
  `photoidx` int(10) unsigned NOT NULL,
  `useridx` int(10) unsigned NOT NULL,
  `actor` int(10) unsigned NOT NULL,
  `point` int(10) unsigned NOT NULL,
  `createdate` datetime NOT NULL,
  PRIMARY KEY (`idx`),
  KEY `photopoint_photoidx_idx` (`photoidx`),
  KEY `photopoint_useridx_idx` (`useridx`)
) ENGINE=InnoDB AUTO_INCREMENT=759 DEFAULT CHARSET=utf8 COMMENT='í¬í†  í¬ì¸íŠ¸';
/*!40101 SET character_set_client = @saved_cs_client */;

--
-- Dumping data for table `photopoint`
--

LOCK TABLES `photopoint` WRITE;
/*!40000 ALTER TABLE `photopoint` DISABLE KEYS */;
INSERT INTO `photopoint` VALUES (2,1,1,51,3,'2012-06-26 20:56:15'),(3,1,1,51,3,'2012-06-26 21:00:56'),(4,69,1202,51,3,'2012-07-06 15:48:50'),(5,70,1203,51,3,'2012-07-06 15:48:50'),(6,69,1202,51,4,'2012-07-06 15:50:23'),(7,70,1203,51,2,'2012-07-06 15:50:23'),(8,69,1202,51,3,'2012-07-06 15:52:59'),(9,70,1203,51,3,'2012-07-06 15:52:59'),(10,69,1202,51,3,'2012-07-06 15:55:18'),(11,70,1203,51,3,'2012-07-06 15:55:18'),(12,69,1202,51,3,'2012-07-06 16:01:50'),(13,70,1203,51,3,'2012-07-06 16:01:50'),(14,69,1202,10010,3,'2012-07-06 16:02:57'),(15,70,1203,10010,3,'2012-07-06 16:02:57'),(16,75,1209,10010,1,'2012-07-06 16:06:53'),(17,80,1215,10010,1,'2012-07-06 16:08:53'),(18,83,1217,10010,1,'2012-07-06 16:08:53'),(19,78,1212,10010,1,'2012-07-06 16:08:53'),(20,82,1214,10010,1,'2012-07-06 16:08:53'),(21,71,1204,10010,1,'2012-07-06 16:08:53'),(22,84,1218,10010,1,'2012-07-06 16:08:53'),(23,69,1202,10010,1,'2012-07-06 16:08:53'),(24,81,1216,10010,1,'2012-07-06 16:08:53'),(25,74,1208,10010,3,'2012-07-06 16:08:53'),(26,73,1207,10010,3,'2012-07-06 16:08:53'),(27,72,1206,10010,3,'2012-07-06 16:08:53'),(28,75,1209,10010,3,'2012-07-06 16:08:53'),(29,77,1211,10010,6,'2012-07-06 16:08:53'),(30,70,1203,10010,6,'2012-07-06 16:08:53'),(31,79,1213,10010,9,'2012-07-06 16:08:53'),(32,76,1210,10010,12,'2012-07-06 16:08:53'),(33,69,1202,51,3,'2012-07-06 16:11:05'),(34,70,1203,51,3,'2012-07-06 16:11:05'),(35,69,1202,51,3,'2012-07-06 16:11:42'),(36,70,1203,51,3,'2012-07-06 16:11:42'),(37,75,1209,10010,1,'2012-07-06 16:13:51'),(38,75,1209,10010,1,'2012-07-06 16:14:06'),(39,81,1216,10010,1,'2012-07-06 16:15:37'),(40,69,1202,10010,1,'2012-07-06 16:15:37'),(41,80,1215,10010,1,'2012-07-06 16:15:37'),(42,70,1203,10010,1,'2012-07-06 16:15:37'),(43,71,1204,10010,1,'2012-07-06 16:15:37'),(44,78,1212,10010,1,'2012-07-06 16:15:37'),(45,83,1217,10010,1,'2012-07-06 16:15:37'),(46,77,1211,10010,1,'2012-07-06 16:15:37'),(47,72,1206,10010,3,'2012-07-06 16:15:37'),(48,73,1207,10010,3,'2012-07-06 16:15:37'),(49,74,1208,10010,3,'2012-07-06 16:15:37'),(50,75,1209,10010,3,'2012-07-06 16:15:37'),(51,84,1218,10010,6,'2012-07-06 16:15:37'),(52,82,1214,10010,6,'2012-07-06 16:15:37'),(53,79,1213,10010,9,'2012-07-06 16:15:37'),(54,76,1210,10010,12,'2012-07-06 16:15:37'),(55,75,1209,10010,1,'2012-07-06 16:18:38'),(56,75,1209,10010,1,'2012-07-06 16:18:42'),(57,75,1209,10010,1,'2012-07-06 16:19:44'),(58,75,1209,10010,1,'2012-07-06 16:19:46'),(59,75,1209,10010,1,'2012-07-06 16:21:28'),(60,75,1209,10010,1,'2012-07-06 16:21:30'),(61,75,1209,10010,1,'2012-07-06 16:24:06'),(62,75,1209,10010,1,'2012-07-06 16:24:08'),(63,75,1209,10010,1,'2012-07-06 16:24:11'),(64,75,1209,10010,1,'2012-07-06 16:28:30'),(65,75,1209,10010,1,'2012-07-06 16:28:31'),(66,75,1209,10010,1,'2012-07-06 16:28:34'),(67,75,1209,10010,1,'2012-07-06 16:29:25'),(68,75,1209,10010,1,'2012-07-06 16:29:51'),(69,75,1209,10010,1,'2012-07-06 16:30:30'),(70,73,1207,10010,1,'2012-07-06 16:30:30'),(71,77,1211,10010,1,'2012-07-06 16:30:30'),(72,79,1213,10010,1,'2012-07-06 16:30:30'),(73,69,1202,10010,1,'2012-07-06 16:30:30'),(74,81,1216,10010,1,'2012-07-06 16:30:30'),(75,74,1208,10010,1,'2012-07-06 16:30:30'),(76,83,1217,10010,1,'2012-07-06 16:30:30'),(77,78,1212,10010,3,'2012-07-06 16:30:30'),(78,80,1215,10010,3,'2012-07-06 16:30:30'),(79,72,1206,10010,3,'2012-07-06 16:30:30'),(80,84,1218,10010,3,'2012-07-06 16:30:30'),(81,76,1210,10010,6,'2012-07-06 16:30:30'),(82,70,1203,10010,6,'2012-07-06 16:30:30'),(83,82,1214,10010,9,'2012-07-06 16:30:30'),(84,71,1204,10010,12,'2012-07-06 16:30:30'),(85,75,1209,10010,1,'2012-07-06 17:12:04'),(86,73,1207,10010,1,'2012-07-06 17:12:04'),(87,77,1211,10010,1,'2012-07-06 17:12:04'),(88,79,1213,10010,1,'2012-07-06 17:12:04'),(89,69,1202,10010,1,'2012-07-06 17:12:04'),(90,81,1216,10010,1,'2012-07-06 17:12:04'),(91,74,1208,10010,1,'2012-07-06 17:12:04'),(92,83,1217,10010,1,'2012-07-06 17:12:04'),(93,78,1212,10010,3,'2012-07-06 17:12:04'),(94,80,1215,10010,3,'2012-07-06 17:12:04'),(95,72,1206,10010,3,'2012-07-06 17:12:04'),(96,84,1218,10010,3,'2012-07-06 17:12:04'),(97,76,1210,10010,6,'2012-07-06 17:12:04'),(98,70,1203,10010,6,'2012-07-06 17:12:04'),(99,82,1214,10010,9,'2012-07-06 17:12:04'),(100,71,1204,10010,12,'2012-07-06 17:12:04'),(101,78,1212,10010,1,'2012-07-06 17:13:09'),(102,83,1217,10010,1,'2012-07-06 17:13:09'),(103,73,1207,10010,1,'2012-07-06 17:13:09'),(104,71,1204,10010,1,'2012-07-06 17:13:09'),(105,70,1203,10010,1,'2012-07-06 17:13:09'),(106,72,1206,10010,1,'2012-07-06 17:13:09'),(107,77,1211,10010,1,'2012-07-06 17:13:09'),(108,80,1215,10010,1,'2012-07-06 17:13:09'),(109,74,1208,10010,3,'2012-07-06 17:13:09'),(110,84,1218,10010,3,'2012-07-06 17:13:09'),(111,79,1213,10010,3,'2012-07-06 17:13:09'),(112,81,1216,10010,3,'2012-07-06 17:13:09'),(113,75,1209,10010,6,'2012-07-06 17:13:09'),(114,82,1214,10010,6,'2012-07-06 17:13:09'),(115,76,1210,10010,9,'2012-07-06 17:13:09'),(116,69,1202,10010,12,'2012-07-06 17:13:09'),(117,83,1217,10010,1,'2012-07-06 18:17:40'),(118,76,1210,10010,1,'2012-07-06 18:17:40'),(119,79,1213,10010,1,'2012-07-06 18:17:40'),(120,71,1204,10010,1,'2012-07-06 18:17:40'),(121,77,1211,10010,1,'2012-07-06 18:17:40'),(122,84,1218,10010,1,'2012-07-06 18:17:40'),(123,73,1207,10010,1,'2012-07-06 18:17:40'),(124,75,1209,10010,1,'2012-07-06 18:17:40'),(125,69,1202,10010,3,'2012-07-06 18:17:40'),(126,80,1215,10010,3,'2012-07-06 18:17:40'),(127,78,1212,10010,3,'2012-07-06 18:17:40'),(128,72,1206,10010,3,'2012-07-06 18:17:40'),(129,81,1216,10010,6,'2012-07-06 18:17:40'),(130,70,1203,10010,6,'2012-07-06 18:17:40'),(131,82,1214,10010,9,'2012-07-06 18:17:40'),(132,74,1208,10010,12,'2012-07-06 18:17:40'),(133,73,1207,10010,1,'2012-07-06 18:52:13'),(134,70,1203,10010,1,'2012-07-06 18:52:13'),(135,78,1212,10010,1,'2012-07-06 18:52:13'),(136,76,1210,10010,1,'2012-07-06 18:52:13'),(137,72,1206,10010,1,'2012-07-06 18:52:13'),(138,69,1202,10010,1,'2012-07-06 18:52:13'),(139,80,1215,10010,1,'2012-07-06 18:52:13'),(140,79,1213,10010,1,'2012-07-06 18:52:13'),(141,83,1217,10010,3,'2012-07-06 18:52:13'),(142,71,1204,10010,3,'2012-07-06 18:52:13'),(143,81,1216,10010,3,'2012-07-06 18:52:13'),(144,77,1211,10010,3,'2012-07-06 18:52:13'),(145,74,1208,10010,6,'2012-07-06 18:52:13'),(146,75,1209,10010,6,'2012-07-06 18:52:13'),(147,82,1214,10010,9,'2012-07-06 18:52:13'),(148,84,1218,10010,12,'2012-07-06 18:52:13'),(149,75,1209,1,1,'2012-07-06 20:02:59'),(150,82,1214,1,1,'2012-07-06 20:02:59'),(151,80,1215,1,1,'2012-07-06 20:02:59'),(152,77,1211,1,1,'2012-07-06 20:02:59'),(153,73,1207,1,1,'2012-07-06 20:02:59'),(154,74,1208,1,1,'2012-07-06 20:02:59'),(155,79,1213,1,1,'2012-07-06 20:02:59'),(156,76,1210,1,1,'2012-07-06 20:02:59'),(157,70,1203,1,3,'2012-07-06 20:02:59'),(158,83,1217,1,3,'2012-07-06 20:02:59'),(159,69,1202,1,3,'2012-07-06 20:02:59'),(160,72,1206,1,3,'2012-07-06 20:02:59'),(161,84,1218,1,6,'2012-07-06 20:02:59'),(162,78,1212,1,6,'2012-07-06 20:02:59'),(163,81,1216,1,9,'2012-07-06 20:02:59'),(164,71,1204,1,12,'2012-07-06 20:02:59'),(165,75,1209,51,1,'2012-07-06 20:33:42'),(166,78,1212,51,1,'2012-07-06 20:33:42'),(167,72,1206,51,1,'2012-07-06 20:33:42'),(168,81,1216,51,1,'2012-07-06 20:33:42'),(169,74,1208,51,1,'2012-07-06 20:33:42'),(170,71,1204,51,1,'2012-07-06 20:33:42'),(171,69,1202,51,1,'2012-07-06 20:33:42'),(172,77,1211,51,1,'2012-07-06 20:33:42'),(173,76,1210,51,3,'2012-07-06 20:33:42'),(174,73,1207,51,3,'2012-07-06 20:33:42'),(175,80,1215,51,3,'2012-07-06 20:33:42'),(176,84,1218,51,3,'2012-07-06 20:33:42'),(177,82,1214,51,6,'2012-07-06 20:33:42'),(178,83,1217,51,6,'2012-07-06 20:33:42'),(179,70,1203,51,9,'2012-07-06 20:33:42'),(180,79,1213,51,12,'2012-07-06 20:33:42'),(181,42,1013,51,1,'2012-07-06 20:45:55'),(182,34,1005,51,1,'2012-07-06 20:45:55'),(183,36,1007,51,1,'2012-07-06 20:45:55'),(184,31,1002,51,1,'2012-07-06 20:45:55'),(185,39,1010,51,1,'2012-07-06 20:45:55'),(186,30,1001,51,1,'2012-07-06 20:45:55'),(187,38,1009,51,1,'2012-07-06 20:45:55'),(188,44,1015,51,1,'2012-07-06 20:45:55'),(189,40,1011,51,3,'2012-07-06 20:45:55'),(190,87,1016,51,3,'2012-07-06 20:45:55'),(191,35,1006,51,3,'2012-07-06 20:45:55'),(192,37,1008,51,3,'2012-07-06 20:45:55'),(193,41,1012,51,6,'2012-07-06 20:45:55'),(194,33,1004,51,6,'2012-07-06 20:45:55'),(195,43,1014,51,9,'2012-07-06 20:45:55'),(196,32,1003,51,12,'2012-07-06 20:45:55'),(197,33,1004,51,1,'2012-07-06 20:57:04'),(198,40,1011,51,1,'2012-07-06 20:57:04'),(199,34,1005,51,1,'2012-07-06 20:57:04'),(200,87,1016,51,1,'2012-07-06 20:57:04'),(201,35,1006,51,1,'2012-07-06 20:57:04'),(202,30,1001,51,1,'2012-07-06 20:57:04'),(203,44,1015,51,1,'2012-07-06 20:57:04'),(204,37,1008,51,1,'2012-07-06 20:57:04'),(205,36,1007,51,3,'2012-07-06 20:57:04'),(206,31,1002,51,3,'2012-07-06 20:57:04'),(207,42,1013,51,3,'2012-07-06 20:57:04'),(208,39,1010,51,3,'2012-07-06 20:57:04'),(209,38,1009,51,6,'2012-07-06 20:57:04'),(210,41,1012,51,6,'2012-07-06 20:57:04'),(211,43,1014,51,9,'2012-07-06 20:57:04'),(212,32,1003,51,12,'2012-07-06 20:57:04'),(213,49,1101,1,1,'2012-07-06 21:53:40'),(214,63,1115,1,1,'2012-07-06 21:53:40'),(215,53,1105,1,1,'2012-07-06 21:53:40'),(216,50,1102,1,1,'2012-07-06 21:53:40'),(217,62,1114,1,1,'2012-07-06 21:53:40'),(218,57,1109,1,1,'2012-07-06 21:53:40'),(219,60,1112,1,1,'2012-07-06 21:53:40'),(220,64,1116,1,1,'2012-07-06 21:53:40'),(221,58,1110,1,3,'2012-07-06 21:53:40'),(222,61,1113,1,3,'2012-07-06 21:53:40'),(223,59,1111,1,3,'2012-07-06 21:53:40'),(224,55,1107,1,3,'2012-07-06 21:53:40'),(225,56,1108,1,6,'2012-07-06 21:53:40'),(226,51,1103,1,6,'2012-07-06 21:53:40'),(227,54,1106,1,9,'2012-07-06 21:53:40'),(228,52,1104,1,12,'2012-07-06 21:53:40'),(229,60,1112,10010,1,'2012-07-06 22:06:10'),(230,64,1116,10010,1,'2012-07-06 22:06:10'),(231,57,1109,10010,1,'2012-07-06 22:06:10'),(232,50,1102,10010,1,'2012-07-06 22:06:10'),(233,63,1115,10010,1,'2012-07-06 22:06:10'),(234,53,1105,10010,1,'2012-07-06 22:06:10'),(235,58,1110,10010,1,'2012-07-06 22:06:10'),(236,49,1101,10010,1,'2012-07-06 22:06:10'),(237,61,1113,10010,3,'2012-07-06 22:06:10'),(238,56,1108,10010,3,'2012-07-06 22:06:10'),(239,59,1111,10010,3,'2012-07-06 22:06:10'),(240,51,1103,10010,3,'2012-07-06 22:06:10'),(241,55,1107,10010,6,'2012-07-06 22:06:10'),(242,62,1114,10010,6,'2012-07-06 22:06:10'),(243,54,1106,10010,9,'2012-07-06 22:06:10'),(244,52,1104,10010,12,'2012-07-06 22:06:10'),(245,60,1112,10010,1,'2012-07-06 22:10:17'),(246,61,1113,10010,1,'2012-07-06 22:10:17'),(247,49,1101,10010,1,'2012-07-06 22:10:17'),(248,64,1116,10010,1,'2012-07-06 22:10:17'),(249,58,1110,10010,1,'2012-07-06 22:10:17'),(250,53,1105,10010,1,'2012-07-06 22:10:17'),(251,62,1114,10010,1,'2012-07-06 22:10:17'),(252,57,1109,10010,1,'2012-07-06 22:10:17'),(253,63,1115,10010,3,'2012-07-06 22:10:17'),(254,55,1107,10010,3,'2012-07-06 22:10:17'),(255,50,1102,10010,3,'2012-07-06 22:10:17'),(256,59,1111,10010,3,'2012-07-06 22:10:17'),(257,56,1108,10010,6,'2012-07-06 22:10:17'),(258,51,1103,10010,6,'2012-07-06 22:10:17'),(259,54,1106,10010,9,'2012-07-06 22:10:17'),(260,52,1104,10010,12,'2012-07-06 22:10:17'),(261,103,1303,1,1,'2012-07-06 22:43:21'),(262,104,1304,1,1,'2012-07-06 22:43:22'),(263,110,1309,1,1,'2012-07-06 22:43:22'),(264,115,1314,1,1,'2012-07-06 22:43:22'),(265,117,1316,1,1,'2012-07-06 22:43:22'),(266,109,1308,1,1,'2012-07-06 22:43:22'),(267,108,1307,1,1,'2012-07-06 22:43:22'),(268,114,1313,1,1,'2012-07-06 22:43:22'),(269,105,1305,1,3,'2012-07-06 22:43:22'),(270,101,1301,1,3,'2012-07-06 22:43:22'),(271,111,1310,1,3,'2012-07-06 22:43:22'),(272,102,1302,1,3,'2012-07-06 22:43:22'),(273,116,1315,1,6,'2012-07-06 22:43:22'),(274,112,1311,1,6,'2012-07-06 22:43:22'),(275,106,1306,1,9,'2012-07-06 22:43:22'),(276,113,1312,1,12,'2012-07-06 22:43:22'),(277,53,1105,1,1,'2012-07-06 22:53:28'),(278,57,1109,1,1,'2012-07-06 22:53:28'),(279,49,1101,1,1,'2012-07-06 22:53:28'),(280,56,1108,1,1,'2012-07-06 22:53:28'),(281,59,1111,1,1,'2012-07-06 22:53:28'),(282,50,1102,1,1,'2012-07-06 22:53:28'),(283,54,1106,1,1,'2012-07-06 22:53:28'),(284,55,1107,1,1,'2012-07-06 22:53:28'),(285,52,1104,1,3,'2012-07-06 22:53:28'),(286,64,1116,1,3,'2012-07-06 22:53:28'),(287,60,1112,1,3,'2012-07-06 22:53:28'),(288,51,1103,1,3,'2012-07-06 22:53:28'),(289,62,1114,1,6,'2012-07-06 22:53:28'),(290,63,1115,1,6,'2012-07-06 22:53:28'),(291,61,1113,1,9,'2012-07-06 22:53:28'),(292,58,1110,1,12,'2012-07-06 22:53:28'),(293,102,1302,1,1,'2012-07-06 22:57:36'),(294,104,1304,1,1,'2012-07-06 22:57:36'),(295,110,1309,1,1,'2012-07-06 22:57:36'),(296,108,1307,1,1,'2012-07-06 22:57:36'),(297,106,1306,1,1,'2012-07-06 22:57:36'),(298,103,1303,1,1,'2012-07-06 22:57:36'),(299,105,1305,1,1,'2012-07-06 22:57:36'),(300,111,1310,1,1,'2012-07-06 22:57:36'),(301,115,1314,1,3,'2012-07-06 22:57:36'),(302,113,1312,1,3,'2012-07-06 22:57:36'),(303,101,1301,1,3,'2012-07-06 22:57:36'),(304,117,1316,1,3,'2012-07-06 22:57:36'),(305,114,1313,1,6,'2012-07-06 22:57:36'),(306,112,1311,1,6,'2012-07-06 22:57:36'),(307,109,1308,1,9,'2012-07-06 22:57:36'),(308,116,1315,1,12,'2012-07-06 22:57:36'),(309,117,1316,1,1,'2012-07-06 23:06:28'),(310,108,1307,1,1,'2012-07-06 23:06:28'),(311,109,1308,1,1,'2012-07-06 23:06:28'),(312,103,1303,1,1,'2012-07-06 23:06:28'),(313,105,1305,1,1,'2012-07-06 23:06:28'),(314,101,1301,1,1,'2012-07-06 23:06:28'),(315,110,1309,1,1,'2012-07-06 23:06:28'),(316,104,1304,1,1,'2012-07-06 23:06:28'),(317,115,1314,1,3,'2012-07-06 23:06:28'),(318,102,1302,1,3,'2012-07-06 23:06:28'),(319,116,1315,1,3,'2012-07-06 23:06:28'),(320,112,1311,1,3,'2012-07-06 23:06:28'),(321,111,1310,1,6,'2012-07-06 23:06:28'),(322,113,1312,1,6,'2012-07-06 23:06:28'),(323,114,1313,1,9,'2012-07-06 23:06:28'),(324,106,1306,1,12,'2012-07-06 23:06:28'),(325,50,1102,1,1,'2012-07-06 23:09:49'),(326,49,1101,1,1,'2012-07-06 23:09:49'),(327,58,1110,1,1,'2012-07-06 23:09:49'),(328,64,1116,1,1,'2012-07-06 23:09:49'),(329,60,1112,1,1,'2012-07-06 23:09:49'),(330,57,1109,1,1,'2012-07-06 23:09:49'),(331,53,1105,1,1,'2012-07-06 23:09:49'),(332,61,1113,1,1,'2012-07-06 23:09:49'),(333,52,1104,1,3,'2012-07-06 23:09:49'),(334,55,1107,1,3,'2012-07-06 23:09:49'),(335,59,1111,1,3,'2012-07-06 23:09:49'),(336,63,1115,1,3,'2012-07-06 23:09:49'),(337,56,1108,1,6,'2012-07-06 23:09:49'),(338,54,1106,1,6,'2012-07-06 23:09:49'),(339,62,1114,1,9,'2012-07-06 23:09:49'),(340,51,1103,1,12,'2012-07-06 23:09:49'),(341,56,1108,1,1,'2012-07-06 23:26:07'),(342,52,1104,1,1,'2012-07-06 23:26:07'),(343,64,1116,1,1,'2012-07-06 23:26:07'),(344,63,1115,1,1,'2012-07-06 23:26:07'),(345,53,1105,1,1,'2012-07-06 23:26:07'),(346,62,1114,1,1,'2012-07-06 23:26:07'),(347,51,1103,1,1,'2012-07-06 23:26:07'),(348,61,1113,1,1,'2012-07-06 23:26:07'),(349,55,1107,1,3,'2012-07-06 23:26:07'),(350,59,1111,1,3,'2012-07-06 23:26:07'),(351,60,1112,1,3,'2012-07-06 23:26:07'),(352,57,1109,1,3,'2012-07-06 23:26:07'),(353,54,1106,1,6,'2012-07-06 23:26:07'),(354,50,1102,1,6,'2012-07-06 23:26:07'),(355,49,1101,1,9,'2012-07-06 23:26:07'),(356,58,1110,1,12,'2012-07-06 23:26:07'),(357,59,1111,1,1,'2012-07-06 23:53:05'),(358,60,1112,1,1,'2012-07-06 23:53:05'),(359,63,1115,1,1,'2012-07-06 23:53:05'),(360,61,1113,1,1,'2012-07-06 23:53:05'),(361,53,1105,1,1,'2012-07-06 23:53:05'),(362,57,1109,1,1,'2012-07-06 23:53:05'),(363,54,1106,1,1,'2012-07-06 23:53:05'),(364,49,1101,1,1,'2012-07-06 23:53:05'),(365,58,1110,1,3,'2012-07-06 23:53:05'),(366,52,1104,1,3,'2012-07-06 23:53:05'),(367,64,1116,1,3,'2012-07-06 23:53:05'),(368,62,1114,1,3,'2012-07-06 23:53:05'),(369,50,1102,1,6,'2012-07-06 23:53:05'),(370,56,1108,1,6,'2012-07-06 23:53:05'),(371,51,1103,1,9,'2012-07-06 23:53:05'),(372,55,1107,1,12,'2012-07-06 23:53:05'),(373,51,1103,1,1,'2012-07-07 00:15:31'),(374,57,1109,1,1,'2012-07-07 00:15:31'),(375,63,1115,1,1,'2012-07-07 00:15:31'),(376,62,1114,1,1,'2012-07-07 00:15:31'),(377,54,1106,1,1,'2012-07-07 00:15:31'),(378,58,1110,1,1,'2012-07-07 00:15:31'),(379,64,1116,1,1,'2012-07-07 00:15:31'),(380,52,1104,1,1,'2012-07-07 00:15:31'),(381,56,1108,1,3,'2012-07-07 00:15:31'),(382,50,1102,1,3,'2012-07-07 00:15:31'),(383,53,1105,1,3,'2012-07-07 00:15:31'),(384,61,1113,1,3,'2012-07-07 00:15:31'),(385,59,1111,1,6,'2012-07-07 00:15:31'),(386,55,1107,1,6,'2012-07-07 00:15:31'),(387,49,1101,1,9,'2012-07-07 00:15:31'),(388,60,1112,1,12,'2012-07-07 00:15:31'),(389,62,1114,1,1,'2012-07-07 00:17:12'),(390,57,1109,1,1,'2012-07-07 00:17:12'),(391,64,1116,1,1,'2012-07-07 00:17:12'),(392,50,1102,1,1,'2012-07-07 00:17:12'),(393,55,1107,1,1,'2012-07-07 00:17:12'),(394,60,1112,1,1,'2012-07-07 00:17:12'),(395,53,1105,1,1,'2012-07-07 00:17:12'),(396,49,1101,1,1,'2012-07-07 00:17:12'),(397,59,1111,1,3,'2012-07-07 00:17:12'),(398,58,1110,1,3,'2012-07-07 00:17:12'),(399,63,1115,1,3,'2012-07-07 00:17:12'),(400,61,1113,1,3,'2012-07-07 00:17:12'),(401,56,1108,1,6,'2012-07-07 00:17:12'),(402,51,1103,1,6,'2012-07-07 00:17:12'),(403,54,1106,1,9,'2012-07-07 00:17:12'),(404,52,1104,1,12,'2012-07-07 00:17:12'),(405,49,1101,1,1,'2012-07-07 00:46:02'),(406,55,1107,1,1,'2012-07-07 00:46:02'),(407,51,1103,1,1,'2012-07-07 00:46:02'),(408,60,1112,1,1,'2012-07-07 00:46:02'),(409,59,1111,1,1,'2012-07-07 00:46:02'),(410,58,1110,1,1,'2012-07-07 00:46:02'),(411,61,1113,1,1,'2012-07-07 00:46:02'),(412,63,1115,1,1,'2012-07-07 00:46:02'),(413,50,1102,1,3,'2012-07-07 00:46:02'),(414,54,1106,1,3,'2012-07-07 00:46:02'),(415,62,1114,1,3,'2012-07-07 00:46:02'),(416,64,1116,1,3,'2012-07-07 00:46:02'),(417,57,1109,1,6,'2012-07-07 00:46:02'),(418,53,1105,1,6,'2012-07-07 00:46:02'),(419,56,1108,1,9,'2012-07-07 00:46:02'),(420,52,1104,1,12,'2012-07-07 00:46:02'),(421,106,1306,1,1,'2012-07-07 00:48:39'),(422,114,1313,1,1,'2012-07-07 00:48:39'),(423,116,1315,1,1,'2012-07-07 00:48:39'),(424,101,1301,1,1,'2012-07-07 00:48:39'),(425,105,1305,1,1,'2012-07-07 00:48:39'),(426,111,1310,1,1,'2012-07-07 00:48:39'),(427,115,1314,1,1,'2012-07-07 00:48:39'),(428,103,1303,1,1,'2012-07-07 00:48:39'),(429,110,1309,1,3,'2012-07-07 00:48:39'),(430,109,1308,1,3,'2012-07-07 00:48:39'),(431,112,1311,1,3,'2012-07-07 00:48:39'),(432,104,1304,1,3,'2012-07-07 00:48:39'),(433,108,1307,1,6,'2012-07-07 00:48:39'),(434,117,1316,1,6,'2012-07-07 00:48:39'),(435,113,1312,1,9,'2012-07-07 00:48:39'),(436,102,1302,1,12,'2012-07-07 00:48:39'),(437,69,1202,51,3,'2012-07-07 00:55:14'),(438,70,1203,51,3,'2012-07-07 00:55:14'),(439,60,1112,1,1,'2012-07-07 01:24:10'),(440,50,1102,1,1,'2012-07-07 01:24:10'),(441,53,1105,1,1,'2012-07-07 01:24:10'),(442,59,1111,1,1,'2012-07-07 01:24:10'),(443,57,1109,1,1,'2012-07-07 01:24:10'),(444,63,1115,1,1,'2012-07-07 01:24:10'),(445,52,1104,1,1,'2012-07-07 01:24:10'),(446,64,1116,1,1,'2012-07-07 01:24:10'),(447,54,1106,1,3,'2012-07-07 01:24:10'),(448,61,1113,1,3,'2012-07-07 01:24:10'),(449,55,1107,1,3,'2012-07-07 01:24:10'),(450,49,1101,1,3,'2012-07-07 01:24:10'),(451,58,1110,1,6,'2012-07-07 01:24:10'),(452,56,1108,1,6,'2012-07-07 01:24:10'),(453,62,1114,1,9,'2012-07-07 01:24:10'),(454,51,1103,1,12,'2012-07-07 01:24:10'),(455,34,1005,1,1,'2012-07-07 01:26:14'),(456,40,1011,1,1,'2012-07-07 01:26:14'),(457,39,1010,1,1,'2012-07-07 01:26:14'),(458,36,1007,1,1,'2012-07-07 01:26:14'),(459,33,1004,1,1,'2012-07-07 01:26:14'),(460,30,1001,1,1,'2012-07-07 01:26:14'),(461,31,1002,1,1,'2012-07-07 01:26:14'),(462,37,1008,1,1,'2012-07-07 01:26:14'),(463,41,1012,1,3,'2012-07-07 01:26:14'),(464,35,1006,1,3,'2012-07-07 01:26:14'),(465,38,1009,1,3,'2012-07-07 01:26:14'),(466,44,1015,1,3,'2012-07-07 01:26:14'),(467,43,1014,1,6,'2012-07-07 01:26:14'),(468,87,1016,1,6,'2012-07-07 01:26:14'),(469,42,1013,1,9,'2012-07-07 01:26:14'),(470,32,1003,1,12,'2012-07-07 01:26:14'),(471,77,1211,1,1,'2012-07-07 01:27:23'),(472,79,1213,1,1,'2012-07-07 01:27:23'),(473,84,1218,1,1,'2012-07-07 01:27:23'),(474,81,1216,1,1,'2012-07-07 01:27:23'),(475,71,1204,1,1,'2012-07-07 01:27:23'),(476,78,1212,1,1,'2012-07-07 01:27:23'),(477,73,1207,1,1,'2012-07-07 01:27:23'),(478,70,1203,1,1,'2012-07-07 01:27:23'),(479,80,1215,1,3,'2012-07-07 01:27:23'),(480,83,1217,1,3,'2012-07-07 01:27:23'),(481,72,1206,1,3,'2012-07-07 01:27:23'),(482,82,1214,1,3,'2012-07-07 01:27:23'),(483,75,1209,1,6,'2012-07-07 01:27:23'),(484,74,1208,1,6,'2012-07-07 01:27:23'),(485,93,1210,1,9,'2012-07-07 01:27:23'),(486,69,1202,1,12,'2012-07-07 01:27:23'),(487,77,1211,1,1,'2012-07-07 01:49:36'),(488,80,1215,1,1,'2012-07-07 01:49:36'),(489,73,1207,1,1,'2012-07-07 01:49:36'),(490,70,1203,1,1,'2012-07-07 01:49:36'),(491,84,1218,1,1,'2012-07-07 01:49:36'),(492,78,1212,1,1,'2012-07-07 01:49:36'),(493,81,1216,1,1,'2012-07-07 01:49:36'),(494,75,1209,1,1,'2012-07-07 01:49:36'),(495,74,1208,1,3,'2012-07-07 01:49:36'),(496,93,1210,1,3,'2012-07-07 01:49:36'),(497,72,1206,1,3,'2012-07-07 01:49:36'),(498,79,1213,1,3,'2012-07-07 01:49:36'),(499,71,1204,1,6,'2012-07-07 01:49:36'),(500,83,1217,1,6,'2012-07-07 01:49:36'),(501,82,1214,1,9,'2012-07-07 01:49:36'),(502,69,1202,1,12,'2012-07-07 01:49:36'),(503,83,1217,1,1,'2012-07-07 02:10:48'),(504,73,1207,1,1,'2012-07-07 02:10:48'),(505,82,1214,1,1,'2012-07-07 02:10:48'),(506,71,1204,1,1,'2012-07-07 02:10:48'),(507,77,1211,1,1,'2012-07-07 02:10:48'),(508,74,1208,1,1,'2012-07-07 02:10:48'),(509,72,1206,1,1,'2012-07-07 02:10:48'),(510,80,1215,1,1,'2012-07-07 02:10:48'),(511,81,1216,1,3,'2012-07-07 02:10:48'),(512,84,1218,1,3,'2012-07-07 02:10:48'),(513,79,1213,1,3,'2012-07-07 02:10:48'),(514,70,1203,1,3,'2012-07-07 02:10:48'),(515,93,1210,1,6,'2012-07-07 02:10:48'),(516,75,1209,1,6,'2012-07-07 02:10:48'),(517,78,1212,1,9,'2012-07-07 02:10:48'),(518,69,1202,1,12,'2012-07-07 02:10:48'),(519,58,1110,1,1,'2012-07-07 02:15:27'),(520,57,1109,1,1,'2012-07-07 02:15:27'),(521,61,1113,1,1,'2012-07-07 02:15:27'),(522,54,1106,1,1,'2012-07-07 02:15:27'),(523,50,1102,1,1,'2012-07-07 02:15:27'),(524,59,1111,1,1,'2012-07-07 02:15:27'),(525,62,1114,1,1,'2012-07-07 02:15:27'),(526,60,1112,1,1,'2012-07-07 02:15:27'),(527,49,1101,1,3,'2012-07-07 02:15:27'),(528,52,1104,1,3,'2012-07-07 02:15:27'),(529,53,1105,1,3,'2012-07-07 02:15:27'),(530,64,1116,1,3,'2012-07-07 02:15:27'),(531,55,1107,1,6,'2012-07-07 02:15:27'),(532,63,1115,1,6,'2012-07-07 02:15:27'),(533,51,1103,1,9,'2012-07-07 02:15:27'),(534,56,1108,1,12,'2012-07-07 02:15:27'),(535,50,1102,1,1,'2012-07-07 12:48:21'),(536,53,1105,1,1,'2012-07-07 12:48:21'),(537,61,1113,1,1,'2012-07-07 12:48:21'),(538,62,1114,1,1,'2012-07-07 12:48:21'),(539,51,1103,1,1,'2012-07-07 12:48:21'),(540,57,1109,1,1,'2012-07-07 12:48:21'),(541,54,1106,1,1,'2012-07-07 12:48:21'),(542,64,1116,1,1,'2012-07-07 12:48:21'),(543,60,1112,1,3,'2012-07-07 12:48:21'),(544,58,1110,1,3,'2012-07-07 12:48:21'),(545,59,1111,1,3,'2012-07-07 12:48:21'),(546,49,1101,1,3,'2012-07-07 12:48:21'),(547,52,1104,1,6,'2012-07-07 12:48:21'),(548,63,1115,1,6,'2012-07-07 12:48:21'),(549,55,1107,1,9,'2012-07-07 12:48:21'),(550,56,1108,1,12,'2012-07-07 12:48:21'),(551,33,1004,1,1,'2012-07-07 12:50:23'),(552,34,1005,1,1,'2012-07-07 12:50:23'),(553,36,1007,1,1,'2012-07-07 12:50:23'),(554,40,1011,1,1,'2012-07-07 12:50:23'),(555,37,1008,1,1,'2012-07-07 12:50:23'),(556,30,1001,1,1,'2012-07-07 12:50:23'),(557,39,1010,1,1,'2012-07-07 12:50:23'),(558,41,1012,1,1,'2012-07-07 12:50:23'),(559,38,1009,1,3,'2012-07-07 12:50:23'),(560,42,1013,1,3,'2012-07-07 12:50:23'),(561,43,1014,1,3,'2012-07-07 12:50:23'),(562,87,1016,1,3,'2012-07-07 12:50:23'),(563,31,1002,1,6,'2012-07-07 12:50:23'),(564,35,1006,1,6,'2012-07-07 12:50:23'),(565,44,1015,1,9,'2012-07-07 12:50:23'),(566,32,1003,1,12,'2012-07-07 12:50:23'),(567,105,1305,1,1,'2012-07-07 13:33:13'),(568,115,1314,1,1,'2012-07-07 13:33:13'),(569,106,1306,1,1,'2012-07-07 13:33:13'),(570,103,1303,1,1,'2012-07-07 13:33:13'),(571,117,1316,1,1,'2012-07-07 13:33:13'),(572,108,1307,1,1,'2012-07-07 13:33:13'),(573,110,1309,1,1,'2012-07-07 13:33:13'),(574,104,1304,1,1,'2012-07-07 13:33:13'),(575,114,1313,1,3,'2012-07-07 13:33:13'),(576,109,1308,1,3,'2012-07-07 13:33:13'),(577,102,1302,1,3,'2012-07-07 13:33:13'),(578,113,1312,1,3,'2012-07-07 13:33:13'),(579,116,1315,1,6,'2012-07-07 13:33:13'),(580,112,1311,1,6,'2012-07-07 13:33:13'),(581,101,1301,1,9,'2012-07-07 13:33:13'),(582,111,1310,1,12,'2012-07-07 13:33:13'),(583,84,1218,1,1,'2012-07-07 13:35:09'),(584,69,1202,1,1,'2012-07-07 13:35:09'),(585,81,1216,1,1,'2012-07-07 13:35:09'),(586,74,1208,1,1,'2012-07-07 13:35:09'),(587,80,1215,1,1,'2012-07-07 13:35:09'),(588,70,1203,1,1,'2012-07-07 13:35:09'),(589,82,1214,1,1,'2012-07-07 13:35:09'),(590,73,1207,1,1,'2012-07-07 13:35:09'),(591,72,1206,1,3,'2012-07-07 13:35:09'),(592,77,1211,1,3,'2012-07-07 13:35:09'),(593,83,1217,1,3,'2012-07-07 13:35:09'),(594,78,1212,1,3,'2012-07-07 13:35:09'),(595,93,1210,1,6,'2012-07-07 13:35:09'),(596,79,1213,1,6,'2012-07-07 13:35:09'),(597,75,1209,1,9,'2012-07-07 13:35:09'),(598,71,1204,1,12,'2012-07-07 13:35:09'),(599,77,1211,1,1,'2012-07-07 13:38:21'),(600,69,1202,1,1,'2012-07-07 13:38:21'),(601,84,1218,1,1,'2012-07-07 13:38:21'),(602,75,1209,1,1,'2012-07-07 13:38:21'),(603,78,1212,1,1,'2012-07-07 13:38:21'),(604,74,1208,1,1,'2012-07-07 13:38:21'),(605,80,1215,1,1,'2012-07-07 13:38:21'),(606,79,1213,1,1,'2012-07-07 13:38:21'),(607,82,1214,1,3,'2012-07-07 13:38:21'),(608,73,1207,1,3,'2012-07-07 13:38:21'),(609,83,1217,1,3,'2012-07-07 13:38:21'),(610,93,1210,1,3,'2012-07-07 13:38:21'),(611,70,1203,1,6,'2012-07-07 13:38:21'),(612,72,1206,1,6,'2012-07-07 13:38:21'),(613,71,1204,1,9,'2012-07-07 13:38:21'),(614,81,1216,1,12,'2012-07-07 13:38:21'),(615,80,1215,1,1,'2012-07-07 15:53:55'),(616,83,1217,1,1,'2012-07-07 15:53:55'),(617,69,1202,1,1,'2012-07-07 15:53:55'),(618,84,1218,1,1,'2012-07-07 15:53:55'),(619,70,1203,1,1,'2012-07-07 15:53:55'),(620,78,1212,1,1,'2012-07-07 15:53:55'),(621,82,1214,1,1,'2012-07-07 15:53:55'),(622,81,1216,1,1,'2012-07-07 15:53:55'),(623,75,1209,1,3,'2012-07-07 15:53:55'),(624,74,1208,1,3,'2012-07-07 15:53:55'),(625,72,1206,1,3,'2012-07-07 15:53:55'),(626,79,1213,1,3,'2012-07-07 15:53:55'),(627,77,1211,1,6,'2012-07-07 15:53:55'),(628,93,1210,1,6,'2012-07-07 15:53:55'),(629,71,1204,1,9,'2012-07-07 15:53:55'),(630,73,1207,1,12,'2012-07-07 15:53:55'),(631,53,1105,1,1,'2012-07-07 15:54:41'),(632,59,1111,1,1,'2012-07-07 15:54:41'),(633,61,1113,1,1,'2012-07-07 15:54:41'),(634,51,1103,1,1,'2012-07-07 15:54:41'),(635,60,1112,1,1,'2012-07-07 15:54:41'),(636,52,1104,1,1,'2012-07-07 15:54:41'),(637,50,1102,1,1,'2012-07-07 15:54:41'),(638,57,1109,1,1,'2012-07-07 15:54:41'),(639,54,1106,1,3,'2012-07-07 15:54:41'),(640,58,1110,1,3,'2012-07-07 15:54:41'),(641,56,1108,1,3,'2012-07-07 15:54:41'),(642,49,1101,1,3,'2012-07-07 15:54:41'),(643,62,1114,1,6,'2012-07-07 15:54:41'),(644,63,1115,1,6,'2012-07-07 15:54:41'),(645,64,1116,1,9,'2012-07-07 15:54:41'),(646,55,1107,1,12,'2012-07-07 15:54:41'),(647,31,1002,1,1,'2012-07-07 16:17:30'),(648,87,1016,1,1,'2012-07-07 16:17:30'),(649,38,1009,1,1,'2012-07-07 16:17:30'),(650,37,1008,1,1,'2012-07-07 16:17:30'),(651,40,1011,1,1,'2012-07-07 16:17:30'),(652,36,1007,1,1,'2012-07-07 16:17:30'),(653,33,1004,1,1,'2012-07-07 16:17:30'),(654,30,1001,1,1,'2012-07-07 16:17:30'),(655,39,1010,1,3,'2012-07-07 16:17:30'),(656,43,1014,1,3,'2012-07-07 16:17:30'),(657,34,1005,1,3,'2012-07-07 16:17:30'),(658,44,1015,1,3,'2012-07-07 16:17:30'),(659,42,1013,1,6,'2012-07-07 16:17:30'),(660,41,1012,1,6,'2012-07-07 16:17:30'),(661,35,1006,1,9,'2012-07-07 16:17:30'),(662,32,1003,1,12,'2012-07-07 16:17:30'),(663,69,1202,1,1,'2012-07-07 21:42:11'),(664,78,1212,1,1,'2012-07-07 21:42:11'),(665,79,1213,1,1,'2012-07-07 21:42:11'),(666,77,1211,1,1,'2012-07-07 21:42:11'),(667,75,1209,1,1,'2012-07-07 21:42:11'),(668,84,1218,1,1,'2012-07-07 21:42:11'),(669,83,1217,1,1,'2012-07-07 21:42:11'),(670,70,1203,1,1,'2012-07-07 21:42:11'),(671,80,1215,1,3,'2012-07-07 21:42:11'),(672,74,1208,1,3,'2012-07-07 21:42:11'),(673,73,1207,1,3,'2012-07-07 21:42:11'),(674,82,1214,1,3,'2012-07-07 21:42:11'),(675,81,1216,1,6,'2012-07-07 21:42:11'),(676,93,1210,1,6,'2012-07-07 21:42:11'),(677,72,1206,1,9,'2012-07-07 21:42:11'),(678,71,1204,1,12,'2012-07-07 21:42:11'),(679,72,1206,1,1,'2012-07-08 13:13:10'),(680,79,1213,1,1,'2012-07-08 13:13:10'),(681,80,1215,1,1,'2012-07-08 13:13:10'),(682,71,1204,1,1,'2012-07-08 13:13:10'),(683,93,1210,1,1,'2012-07-08 13:13:10'),(684,74,1208,1,1,'2012-07-08 13:13:10'),(685,82,1214,1,1,'2012-07-08 13:13:10'),(686,83,1217,1,1,'2012-07-08 13:13:11'),(687,70,1203,1,3,'2012-07-08 13:13:11'),(688,69,1202,1,3,'2012-07-08 13:13:11'),(689,77,1211,1,3,'2012-07-08 13:13:11'),(690,73,1207,1,3,'2012-07-08 13:13:11'),(691,81,1216,1,6,'2012-07-08 13:13:11'),(692,78,1212,1,6,'2012-07-08 13:13:11'),(693,75,1209,1,9,'2012-07-08 13:13:11'),(694,84,1218,1,12,'2012-07-08 13:13:11'),(695,74,1208,10012,1,'2012-07-08 15:24:07'),(696,81,1216,10012,1,'2012-07-08 15:24:07'),(697,72,1206,10012,1,'2012-07-08 15:24:07'),(698,84,1218,10012,1,'2012-07-08 15:24:07'),(699,83,1217,10012,1,'2012-07-08 15:24:07'),(700,70,1203,10012,1,'2012-07-08 15:24:07'),(701,82,1214,10012,1,'2012-07-08 15:24:07'),(702,75,1209,10012,1,'2012-07-08 15:24:07'),(703,77,1211,10012,3,'2012-07-08 15:24:07'),(704,78,1212,10012,3,'2012-07-08 15:24:07'),(705,80,1215,10012,3,'2012-07-08 15:24:07'),(706,93,1210,10012,3,'2012-07-08 15:24:07'),(707,69,1202,10012,6,'2012-07-08 15:24:07'),(708,79,1213,10012,6,'2012-07-08 15:24:07'),(709,73,1207,10012,9,'2012-07-08 15:24:07'),(710,71,1204,10012,12,'2012-07-08 15:24:07'),(711,79,1213,10012,1,'2012-07-08 15:26:02'),(712,72,1206,10012,1,'2012-07-08 15:26:02'),(713,73,1207,10012,1,'2012-07-08 15:26:02'),(714,80,1215,10012,1,'2012-07-08 15:26:02'),(715,75,1209,10012,1,'2012-07-08 15:26:02'),(716,83,1217,10012,1,'2012-07-08 15:26:02'),(717,82,1214,10012,1,'2012-07-08 15:26:02'),(718,69,1202,10012,1,'2012-07-08 15:26:02'),(719,78,1212,10012,3,'2012-07-08 15:26:02'),(720,93,1210,10012,3,'2012-07-08 15:26:02'),(721,70,1203,10012,3,'2012-07-08 15:26:02'),(722,77,1211,10012,3,'2012-07-08 15:26:02'),(723,81,1216,10012,6,'2012-07-08 15:26:02'),(724,84,1218,10012,6,'2012-07-08 15:26:02'),(725,74,1208,10012,9,'2012-07-08 15:26:02'),(726,71,1204,10012,12,'2012-07-08 15:26:02'),(727,101,1301,10012,1,'2012-07-08 15:27:52'),(728,105,1305,10012,1,'2012-07-08 15:27:52'),(729,108,1307,10012,1,'2012-07-08 15:27:52'),(730,112,1311,10012,1,'2012-07-08 15:27:52'),(731,103,1303,10012,1,'2012-07-08 15:27:52'),(732,104,1304,10012,1,'2012-07-08 15:27:52'),(733,109,1308,10012,1,'2012-07-08 15:27:52'),(734,117,1316,10012,1,'2012-07-08 15:27:52'),(735,114,1313,10012,3,'2012-07-08 15:27:52'),(736,115,1314,10012,3,'2012-07-08 15:27:52'),(737,102,1302,10012,3,'2012-07-08 15:27:52'),(738,113,1312,10012,3,'2012-07-08 15:27:52'),(739,111,1310,10012,6,'2012-07-08 15:27:52'),(740,110,1309,10012,6,'2012-07-08 15:27:52'),(741,106,1306,10012,9,'2012-07-08 15:27:52'),(742,116,1315,10012,12,'2012-07-08 15:27:52'),(743,34,1005,1,1,'2012-07-09 00:21:04'),(744,31,1002,1,1,'2012-07-09 00:21:04'),(745,33,1004,1,1,'2012-07-09 00:21:04'),(746,40,1011,1,1,'2012-07-09 00:21:04'),(747,44,1015,1,1,'2012-07-09 00:21:04'),(748,30,1001,1,1,'2012-07-09 00:21:04'),(749,35,1006,1,1,'2012-07-09 00:21:04'),(750,39,1010,1,1,'2012-07-09 00:21:04'),(751,37,1008,1,3,'2012-07-09 00:21:04'),(752,38,1009,1,3,'2012-07-09 00:21:04'),(753,41,1012,1,3,'2012-07-09 00:21:04'),(754,42,1013,1,3,'2012-07-09 00:21:04'),(755,36,1007,1,6,'2012-07-09 00:21:04'),(756,87,1016,1,6,'2012-07-09 00:21:04'),(757,43,1014,1,9,'2012-07-09 00:21:04'),(758,32,1003,1,12,'2012-07-09 00:21:04');
/*!40000 ALTER TABLE `photopoint` ENABLE KEYS */;
UNLOCK TABLES;

--
-- Table structure for table `tournament`
--

DROP TABLE IF EXISTS `tournament`;
/*!40101 SET @saved_cs_client     = @@character_set_client */;
/*!40101 SET character_set_client = utf8 */;
CREATE TABLE `tournament` (
  `idx` int(10) unsigned NOT NULL AUTO_INCREMENT,
  `title` varchar(100) NOT NULL,
  `createdate` datetime NOT NULL,
  PRIMARY KEY (`idx`)
) ENGINE=InnoDB AUTO_INCREMENT=5 DEFAULT CHARSET=utf8 COMMENT='토너먼트 목록';
/*!40101 SET character_set_client = @saved_cs_client */;

--
-- Dumping data for table `tournament`
--

LOCK TABLES `tournament` WRITE;
/*!40000 ALTER TABLE `tournament` DISABLE KEYS */;
INSERT INTO `tournament` VALUES (1,'k-pop 여자 아이돌 순위','2012-06-26 21:56:29'),(2,'한국 남자 영화배우','2012-06-26 21:59:57'),(3,'2012 정치인 호감도 순위','2012-06-26 22:02:36'),(4,'헐리웃 여배우','2012-06-26 23:33:51');
/*!40000 ALTER TABLE `tournament` ENABLE KEYS */;
UNLOCK TABLES;

--
-- Table structure for table `tournamenttag`
--

DROP TABLE IF EXISTS `tournamenttag`;
/*!40101 SET @saved_cs_client     = @@character_set_client */;
/*!40101 SET character_set_client = utf8 */;
CREATE TABLE `tournamenttag` (
  `tournamentidx` int(10) unsigned NOT NULL AUTO_INCREMENT,
  `tagidx` varchar(100) NOT NULL,
  PRIMARY KEY (`tournamentidx`,`tagidx`)
) ENGINE=InnoDB AUTO_INCREMENT=5 DEFAULT CHARSET=utf8 COMMENT='토너먼트 태그 그룹';
/*!40101 SET character_set_client = @saved_cs_client */;

--
-- Dumping data for table `tournamenttag`
--

LOCK TABLES `tournamenttag` WRITE;
/*!40000 ALTER TABLE `tournamenttag` DISABLE KEYS */;
INSERT INTO `tournamenttag` VALUES (1,'14'),(1,'15'),(1,'16'),(1,'17'),(2,'11'),(2,'16'),(2,'26'),(2,'3'),(3,'16'),(3,'9'),(4,'11'),(4,'22');
/*!40000 ALTER TABLE `tournamenttag` ENABLE KEYS */;
UNLOCK TABLES;
/*!40103 SET TIME_ZONE=@OLD_TIME_ZONE */;

/*!40101 SET SQL_MODE=@OLD_SQL_MODE */;
/*!40014 SET FOREIGN_KEY_CHECKS=@OLD_FOREIGN_KEY_CHECKS */;
/*!40014 SET UNIQUE_CHECKS=@OLD_UNIQUE_CHECKS */;
/*!40101 SET CHARACTER_SET_CLIENT=@OLD_CHARACTER_SET_CLIENT */;
/*!40101 SET CHARACTER_SET_RESULTS=@OLD_CHARACTER_SET_RESULTS */;
/*!40101 SET COLLATION_CONNECTION=@OLD_COLLATION_CONNECTION */;
/*!40111 SET SQL_NOTES=@OLD_SQL_NOTES */;

-- Dump completed on 2012-11-24 22:37:54
